Y,SVC,KNN,ElasticNet,RandomForest,XGBoost,Naive
2016,0.5189456342668863,0.5107084019769358,0.5996705107084019,0.5782537067545305,0.5815485996705108,0.5298722702925422
2017,0.5345394736842105,0.5805921052631579,0.6019736842105263,0.6069078947368421,0.5970394736842105,0.5395061728395062
2018,0.5575657894736842,0.5707236842105263,0.6332236842105263,0.6398026315789473,0.6282894736842105,0.5273775216138329
2019,0.5271828665568369,0.6013179571663921,0.6359143327841845,0.6342668863261944,0.6408566721581549,0.5294845360824743
