Y,SVC,KNN,ElasticNet,RandomForest,XGBoost,Naive
2016,0.5335164835164835,0.6653846153846154,0.6186813186813187,0.6642857142857143,0.6857142857142857,0.5298722702925422
2017,0.5411635565312843,0.672886937431394,0.6432491767288694,0.6679473106476399,0.6920965971459934,0.5395061728395062
2018,0.5359692476661175,0.6820428336079077,0.6403075233388248,0.6699615595826469,0.6820428336079077,0.5273775216138329
2019,0.5341034103410341,0.6765676567656765,0.6281628162816282,0.6749174917491749,0.6853685368536854,0.5294845360824743
